filename,sharpness_score,threshold_used
164.jpg,-3.8317152541913786,-2.6508204255186154
72.jpg,-4.296290558020499,-2.6508204255186154
102.jpg,-9.873992362497992,-2.6508204255186154
120.jpg,-10.597652624418416,-2.6508204255186154
137.jpeg,-12.375249319414598,-2.6508204255186154
31.jpg,-7.462385444003043,-2.6508204255186154
55.jpg,-8.735793273637285,-2.6508204255186154
169.jpg,-9.117223729420715,-2.6508204255186154
171.jpeg,-6.236450746232181,-2.6508204255186154
