filename,sharpness_score,threshold_used
177.jpg,1.559728859886695,2.497157036202879
76.jpg,2.291785935839834,2.497157036202879
29.jpg,1.9381903701483103,2.497157036202879
116.jpg,-8.103339040394614,2.497157036202879
23.jpg,1.864765877112836,2.497157036202879
143.jpg,1.9535489228640643,2.497157036202879
94.jpg,-6.27513511746451,2.497157036202879
41.jpg,-6.210358167928273,2.497157036202879
82.jpg,2.2501872356026444,2.497157036202879
