filename,sharpness_score,threshold_used
174.jpg,3.8025814459981326,5.073579403236521
156.jpeg,4.126009892903898,5.073579403236521
34.jpg,-1.6124534042420002,5.073579403236521
137.jpeg,4.352666362135643,5.073579403236521
27.jpg,-0.7615641591487795,5.073579403236521
31.jpg,-3.6709722633960427,5.073579403236521
169.jpg,-7.9552514345124905,5.073579403236521
92.jpg,3.5617801948125964,5.073579403236521
171.jpeg,2.6244222907192127,5.073579403236521
