filename,sharpness_score,threshold_used
77.jpg,-12.764053605820479,-11.522809285594278
176.jpg,-13.389854748347961,-11.522809285594278
99.jpg,-12.069675983861242,-11.522809285594278
100.jpg,-13.862251705030733,-11.522809285594278
116.jpg,-23.256577525657075,-11.522809285594278
24.jpg,-12.931584902272334,-11.522809285594278
54.jpg,-18.67001301148775,-11.522809285594278
47.jpg,-13.977283021865782,-11.522809285594278
46.jpg,-12.047645714894921,-11.522809285594278
